{
    "music": 48.66666666666667,
    "sfx": 34.166666666666664,
    "resolution": "fullscreen"
}