{
    "music": 53.833333333333336,
    "sfx": 52.83333333333333,
    "resolution": "1600x900"
}