{
    "archer_tower": {
        "damage_mult": 1.6000000000000005,
        "range_mult": 1.3000000000000003,
        "fire_rate_mult": 0.7350918906249998,
        "projectile_speed_mult": 1.6000000000000005
    },
    "stone_tower": {
        "damage_mult": 2.100000000000001,
        "range_mult": 1.5500000000000005,
        "fire_rate_mult": 0.5688000922764596,
        "projectile_speed_mult": 2.100000000000001
    },
    "slingshot_tower": {
        "damage_mult": 1.0,
        "range_mult": 1.0,
        "fire_rate_mult": 1.0,
        "projectile_speed_mult": 1.0
    },
    "bomb_tower": {
        "damage_mult": 1.8000000000000007,
        "range_mult": 1.4000000000000004,
        "fire_rate_mult": 0.6634204312890623,
        "projectile_speed_mult": 1.8000000000000007
    }
}